Workbook

Sheet anual
A1: codigo | B1: canton | C1: 2019 | D1: 2020 | E1: 2021 | F1: 2022 | G1: 2023 | H1: 2024 | I1: 2025 | J1: 2026
A2: 101 | B2: San José | C2: 347692.46 | D2: 348650.27 | E2: 349339.05 | F2: 350104.6 | G2: 351263.97 | H2: 352298.48 | I2: 353209.46 | J2: 354025.92 | L2: fms_2019 | M2: =(2019-1900)*12 + 6 -> 1434
A3: 102 | B3: Escazú | C3: 69342.772 | D3: 69663.115 | E3: 69932.999 | F3: 70222.771 | G3: 70578.009 | H3: 70903.349 | I3: 71200.542 | J3: 71474.762 | L3: fms_2026 | M3: =(2026-1900)*12 + 6 -> 1518
A4: 103 | B4: Desamparados | C4: 238762.28 | D4: 239941.16 | E4: 240923.15 | F4: 241942.4 | G4: 243115.79 | H4: 244173.4 | I4: 245126.15 | J4: 245996.11 | L4: t | M4: =(M3-M2)/12 -> 7
A5: 104 | B5: Puriscal | C5: 38240.587 | D5: 38421.96 | E5: 38568.634 | F5: 38715.678 | G5: 38901.009 | H5: 39069.283 | I5: 39220.056 | J5: 39356.47 | L5: n0 | M5: =D2 -> 348650.27
A6: 105 | B6: Tarrazú | C6: 17842.633 | D6: 17878.272 | E6: 17897.748 | F6: 17923.384 | G6: 17960.588 | H6: 17990.176 | I6: 18013.482 | J6: 18032.365 | L6: r | M6: =((I2-D2)/M4)/D2 -> 0.0018681002
A7: 106 | B7: Aserrí | C7: 61640.792 | D7: 61883.568 | E7: 62072.626 | F7: 62267.764 | G7: 62493.158 | H7: 62687.949 | I7: 62855.088 | J7: 63001
A8: 107 | B8: Mora | C8: 28301.544 | D8: 28393.758 | E8: 28464.245 | F8: 28542.911 | G8: 28643.999 | H8: 28730.995 | I8: 28803.961 | J8: 28864.91
A9: 108 | B9: Goicoechea | C9: 137108.98 | D9: 137672.81 | E9: 138122.73 | F9: 138587.6 | G9: 139178.94 | H9: 139708.3 | I9: 140178.35 | J9: 140600.04
A10: 109 | B10: Santa Ana | C10: 59327.718 | D10: 59822.431 | E10: 60272.378 | F10: 60734.269 | G10: 61233.088 | H10: 61701.009 | I10: 62139.491 | J10: 62553.129
A11: 110 | B11: Alajuelita | C11: 92686.077 | D11: 93533.114 | E11: 94301.417 | F11: 95083.403 | G11: 95915.377 | H11: 96711.644 | I11: 97473.906 | J11: 98211.04
A12: 111 | B12: Vásquez de Coronado | C12: 69754.925 | D12: 70175.709 | E12: 70538.428 | F12: 70903.403 | G12: 71311.983 | H12: 71683.876 | I12: 72019.91 | J12: 72325.115
A13: 112 | B13: Acosta | C13: 21699.266 | D13: 21764.944 | E13: 21811.349 | F13: 21849.633 | G13: 21904.661 | H13: 21955.103 | I13: 21997.389 | J13: 22033.699
A14: 113 | B14: Tibás | C14: 83692.119 | D14: 83998.517 | E14: 84236.168 | F14: 84484.783 | G14: 84822.029 | H14: 85124.037 | I14: 85392.371 | J14: 85632.378
A15: 114 | B15: Moravia | C15: 61121.852 | D15: 61238.103 | E15: 61298.588 | F15: 61367.783 | G15: 61491.497 | H15: 61582.775 | I15: 61644.597 | J15: 61682.077
A16: 115 | B16: Montes de Oca | C16: 61401.435 | D16: 61375.276 | E16: 61300.468 | F16: 61222.142 | G16: 61219.859 | H16: 61195.411 | I16: 61146.352 | J16: 61075.892
A17: 116 | B17: Turrubares | C17: 7122.4203 | D17: 7170.1754 | E17: 7212.3979 | F17: 7254.2416 | G17: 7302.8765 | H17: 7350.5905 | I17: 7396.779 | J17: 7441.7735
A18: 117 | B18: Dota | C18: 7759.3519 | D18: 7771.0899 | E18: 7775.0709 | F18: 7780.3059 | G18: 7790.8951 | H18: 7798.4514 | I18: 7803.6643 | J18: 7807.6578
... A85: 706 | B85: Guácimo | C85: 55137.943 | D85: 55805.177 | E85: 56410.736 | F85: 57019.168 | G85: 57646.346 | H85: 58247.049 | I85: 58822.22 | J85: 59380.094
A86: 0 | B86: Total | C86: =SUM(C2:C85) -> 5020970.1 | D86: =SUM(D2:D85) -> 5051379.2 | E86: =SUM(E2:E85) -> 5077666.9 | F86: =SUM(F2:F85) -> 5104906.8 | G86: =SUM(G2:G85) -> 5135911.6 | H86: =SUM(H2:H85) -> 5164859.9 | I86: =SUM(I2:I85) -> 5191823.1 | J86: =SUM(J2:J85) -> 5217295

Sheet constants
A1: codigo | B1: canton | C1: r | D1: n0 | E1: t
A2: 101 | B2: San José | C2: =((anual!I2-anual!D2)/7)/anual!D2 -> 0.0018681002 | D2: =anual!C2 -> 347692.46 | E2: =5/53 -> 0.094339623
A3: 102 | B3: Escazú | C3: =((anual!I3-anual!D3)/7)/anual!D3 -> 0.0031527799 | D3: =anual!C3 -> 69342.772 | E3: =5/53 -> 0.094339623
A4: 103 | B4: Desamparados | C4: =((anual!I4-anual!D4)/7)/anual!D4 -> 0.0030870607 | D4: =anual!C4 -> 238762.28 | E4: =5/53 -> 0.094339623
A5: 104 | B5: Puriscal | C5: =((anual!I5-anual!D5)/7)/anual!D5 -> 0.0029674076 | D5: =anual!C5 -> 38240.587 | E5: =5/53 -> 0.094339623
A6: 105 | B6: Tarrazú | C6: =((anual!I6-anual!D6)/7)/anual!D6 -> 0.0010804018 | D6: =anual!C6 -> 17842.633 | E6: =5/53 -> 0.094339623
A7: 106 | B7: Aserrí | C7: =((anual!I7-anual!D7)/7)/anual!D7 -> 0.0022427367 | D7: =anual!C7 -> 61640.792 | E7: =5/53 -> 0.094339623
A8: 107 | B8: Mora | C8: =((anual!I8-anual!D8)/7)/anual!D8 -> 0.0020638506 | D8: =anual!C8 -> 28301.544 | E8: =5/53 -> 0.094339623
A9: 108 | B9: Goicoechea | C9: =((anual!I9-anual!D9)/7)/anual!D9 -> 0.0025998944 | D9: =anual!C9 -> 137108.98 | E9: =5/53 -> 0.094339623
A10: 109 | B10: Santa Ana | C10: =((anual!I10-anual!D10)/7)/anual!D10 -> 0.0055331856 | D10: =anual!C10 -> 59327.718 | E10: =5/53 -> 0.094339623
A11: 110 | B11: Alajuelita | C11: =((anual!I11-anual!D11)/7)/anual!D11 -> 0.0060189413 | D11: =anual!C11 -> 92686.077 | E11: =5/53 -> 0.094339623
A12: 111 | B12: Vásquez de Coronado | C12: =((anual!I12-anual!D12)/7)/anual!D12 -> 0.0037542524 | D12: =anual!C12 -> 69754.925 | E12: =5/53 -> 0.094339623
A13: 112 | B13: Acosta | C13: =((anual!I13-anual!D13)/7)/anual!D13 -> 0.0015256857 | D13: =anual!C13 -> 21699.266 | E13: =5/53 -> 0.094339623
... A86: 0 | B86: Total | C86: =((anual!I86-anual!D86)/7)/anual!D86 -> 0.0039718671 | D86: =anual!C86 -> 5020970.1 | E86: =5/53 -> 0.094339623

Sheet source
A1: Estimaciones y proyecciones subnacionales de población 2000 - 2050. Regiones de planificación: panel interactivo
A2: https://admin.inec.cr/sites/default/files/2025-10/repoblaceppsubnaciopanelregionesmideplan2000-2050.xlsx
